qid,question,answers
1,"How will this regulation impact traditional banking services, digital banking platforms, and third-party financial applications? Create a summary that will have the direction for the bank or FI on further steps required to implement Dodd Frank section 1033 changes following the impact to these services.","The Dodd-Frank Section 1033 open banking regulation is expected to have a significant impact on traditional banking services, digital banking platforms, and third-party financial 
applications. Here's how:

1. Traditional Banking Services: The regulation will require banks and FIs to adopt secure, standardized data-sharing practices, promoting transparency and competition in the financial 
industry. Banks and FIs will need to invest in new technologies and systems to enable open banking and comply with the regulation's requirements.
2. Digital Banking Platforms: Open banking systems will enable digital banking platforms to offer more personalized and convenient services to consumers, promoting growth and 
innovation in the digital banking industry. Digital banking platforms will need to invest in new technologies and systems to enable open banking and comply with the regulation's 
requirements.
3. Third-Party Financial Applications: The regulation will enable authorized third parties to access consumer financial data through digital platforms and APIs, promoting transparency 
and competition in the financial industry. Third-party financial applications will need to invest in new technologies and systems to enable open banking and comply with the 
regulation's requirements."
2,"What are the challenges bank & Financial Institutions will face implementing this regulation in terms of data, infrastructure, internal as well as external interfaces, resources, knowledge and most importantly legally?","1. Data Management: Banks and FIs will need to invest in new technologies and systems to enable secure, standardized data-sharing practices that comply with the regulation's 
requirements. This includes managing large volumes of data from various sources, ensuring data accuracy and completeness, and implementing data security measures to protect consumer 
privacy.
2. Infrastructure: Banks and FIs will need to invest in new infrastructure to enable open banking, such as application programming interfaces (APIs) and other digital platforms that 
allow for secure data sharing between banks, FIs, and authorized third parties.
3. Internal and External Interfaces: Banks and FIs will need to develop internal and external interfaces that enable authorized third parties to access consumer financial data through 
digital platforms and APIs. This includes implementing authentication and authorization mechanisms to ensure the security and privacy of consumer data.
4. Resources: Implementing open banking requires significant resources, including investment in new technologies and systems, hiring new staff with expertise in open banking, and 
training existing staff on new processes and procedures.
5. Knowledge: Banks and FIs will need to acquire new knowledge and skills related to open banking, such as understanding the regulatory requirements, developing data-sharing 
strategies, and implementing security measures to protect consumer privacy.
6. Legal Compliance: Banks and FIs will need to comply with the regulation's enforcement of accountability through the Consumer Financial Protection Bureau (CFPB) to oversee compliance 
and address any violations. This includes establishing clear guidelines for data providers, authorized third parties, and consumers regarding data access, sharing, and usage."
3,What are the compliance deadlines for different categories of banks and financial institutions under the Dodd-Frank 1033 regulation?,"1. April 1, 2026: Banks with at least $250 billion in total assets and depository institution holding companies (DICOs) with at least $10 billion in total assets but less than $250 
billion in total assets.
2. April 1, 2027: DICOs with at least $3 billion in total assets but less than $10 billion in total assets.
3. April 1, 2028: Banks with at least $1.5 billion in total assets but less than $3 billion in total assets and DICOs with at least $850 million in total assets but less than $3 
billion in total assets.
4. April 1, 2029: Banks with at least $850 million in total assets but less than $1.5 billion in total assets and depository institution credit unions (DICUs) with at least $1.5 
billion in total assets but less than $3 billion in total assets.
5. April 1, 2030: DICUs with at least $750 million in total assets but less than $1.5 billion in total assets.
6. April 1, 2031: Banks and DICUs with at least $350 million in total assets but less than $750 million in total assets.
7. April 1, 2032: Banks and DICUs with less than $350 million in total assets but more than $150 million in total assets.

It is essential for banks and FIs to monitor their total assets and comply with the applicable compliance deadline to avoid penalties and ensure adherence to the Dodd-Frank Section 
1033 regulation."
4,"Provide a roadmap for the bank or FI to implement these changes from technology, business function and domain perspective. Clearly indicate a timeline for large financial institutions and small financial institutions and how these are affected differently. Identify any new changes that the bank or FI needs to implement.","Here is a roadmap for banks and financial institutions to implement the Dodd-Frank Section 1033 regulation:

1. Technology:
   - Conduct a thorough assessment of existing technology infrastructure to identify gaps and ensure compliance with the new data-sharing practices, consumer rights, and transparency 
requirements.
   - Implement secure, standardized data-sharing protocols and interfaces that comply with the Dodd-Frank Section 1033 regulation.
   - Ensure the technology stack supports real-time data access, sharing, and processing to meet the demands of authorized third parties and customers.
   - Develop a robust testing and validation framework to ensure the technology infrastructure functions as intended.

 Timeline:
- Large financial institutions (LFI): 24-36 months
- Small financial institutions (SFI): 36-48 months

2. Business function:
   - Review and update existing policies and procedures to comply with the Dodd-Frank Section 1033 regulation.
   - Implement a centralized data governance framework to manage customer data sharing, access, and usage.
   - Develop a comprehensive training program for employees to understand their roles, responsibilities, and the implications of the new regulation.
   - Establish a dedicated compliance team to oversee the implementation process and ensure adherence to the Dodd-Frank Section 1033 regulation.

Timeline:
- LFI: 24-36 months
- SFI: 36-48 months

3. Domain:
   - Collaborate with authorized third parties, such as fintech companies and data providers, to ensure compliance with the Dodd-Frank Section 1033 regulation.
   - Develop a clear contractual framework with authorized third parties outlining their responsibilities, liabilities, and obligations regarding data sharing and usage.
   - Establish a robust monitoring and reporting system to track authorized third party activities and ensure compliance with the Dodd-Frank Section 1033 regulation.

Timeline:
- LFI: 24-36 months
- SFI: 36-48 months

New changes for banks and financial institutions include:

1. Implementing secure, standardized data-sharing practices that comply with the Dodd-Frank Section 1033 regulation.
2. Granting customers control over their financial data and providing a clear digital interface for accessing and managing their transactional, account balance, and credit card 
information.
3. Disclosing fees and other charges associated with data-sharing practices to promote transparency and competition in the industry.
4. Ensuring that authorized third parties comply with strict authorization procedures and adhere to privacy and security standards.
5. Establishing a compliance program and dedicated compliance team to oversee the implementation process and ensure adherence to the Dodd-Frank Section 1033 regulation.

By following this roadmap, banks and financial institutions can successfully implement the Dodd-Frank Section 1033 regulation, ensuring secure, standardized data-sharing practices, 
consumer rights, and transparency while fostering competition in the industry."
5,"How does the regulation enforce accountability, and what are the financial or legal consequences of non-compliance?","The Dodd-Frank Section 1033 regulation enforces accountability through the Consumer Financial Protection Bureau (CFPB), which is responsible for overseeing compliance and addressing 
any violations. The CFPB can impose fines, penalties, and other legal actions on financial institutions that fail to comply with the new data-sharing practices, consumer rights, and 
transparency requirements.

Non-compliance can result in significant financial consequences for banks and FIs, including:

1. Fines and penalties from the CFPB for violating the Dodd-Frank Section 1033 regulation.
2. Reputational damage, which can lead to loss of customers and market share.
3. Legal liability for data breaches, unauthorized access, or other security incidents that result from non-compliance.
4. Increased operational costs due to the need to modify systems, processes, and policies to meet the new regulation's requirements.

To avoid these consequences, banks and FIs must take a proactive approach to implementing the Dodd-Frank Section 1033 regulation, ensuring compliance with data-sharing practices, 
consumer rights, and transparency requirements."
,,
,,
,,
,,
,,
,,
,,
,,
,,
,,
,,
,,
,,
,,
,,
,,
,,
,,
